,raw,filtered
2015-01-02 00:00:00,0.0,-0.0235254462514
2015-01-02 01:00:00,0.0,-0.0115076346451
2015-01-02 02:00:00,0.0,0.00715393394924
2015-01-02 03:00:00,0.0,0.0380999196679
2015-01-02 04:00:00,0.0,0.103381730424
2015-01-02 05:00:00,0.0,0.34026106871
2015-01-02 06:00:00,0.0,0.664824999015
2015-01-02 07:00:00,1.0,1.0452153587
2015-01-02 08:00:00,2.0,1.48186828323
2015-01-02 09:00:00,2.0,1.96187593865
2015-01-02 10:00:00,2.0,2.44416602229
2015-01-02 11:00:00,3.0,2.93882383981
2015-01-02 12:00:00,2.0,3.520018977
2015-01-02 13:00:00,4.0,2.68277737511
2015-01-02 14:00:00,5.0,2.50481518543
2015-01-02 15:00:00,4.0,2.6450208579
2015-01-02 16:00:00,2.0,2.22755959921
2015-01-02 17:00:00,2.0,1.6928709274
2015-01-02 18:00:00,1.0,1.18642544552
2015-01-02 19:00:00,0.0,0.777728362846
2015-01-02 20:00:00,0.0,0.410824994254
2015-01-02 21:00:00,0.0,0.10369980278
2015-01-02 22:00:00,0.0,0.0
2015-01-02 23:00:00,0.0,0.0
2015-01-03 00:00:00,0.0,0.0
2015-01-03 01:00:00,0.0,0.0
2015-01-03 02:00:00,0.0,0.0
2015-01-03 03:00:00,0.0,0.0
2015-01-03 04:00:00,0.0,0.0
2015-01-03 05:00:00,0.0,0.0
2015-01-03 06:00:00,0.0,0.0
2015-01-03 07:00:00,0.0,0.0
2015-01-03 08:00:00,1.0,0.0
2015-01-03 09:00:00,0.0,1.25263509457
2015-01-03 10:00:00,0.0,1.8
2015-01-03 11:00:00,0.0,0.0
2015-01-03 12:00:00,3.0,3.0
2015-01-03 13:00:00,8.0,3.5
2015-01-03 14:00:00,8.0,4.0
2015-01-03 15:00:00,7.0,4.5
2015-01-03 16:00:00,5.0,5.0
2015-01-03 17:00:00,0.0,3.75
2015-01-03 18:00:00,0.0,2.62267949305
2015-01-03 19:00:00,0.0,1.49580914458
2015-01-03 20:00:00,0.0,0.0
2015-01-03 21:00:00,0.0,0.0
2015-01-03 22:00:00,0.0,0.0
2015-01-03 23:00:00,0.0,0.0
2015-01-05 00:00:00,0.0,0.0
2015-01-05 01:00:00,0.0,0.0
2015-01-05 02:00:00,0.0,0.0
2015-01-05 03:00:00,0.0,0.0
2015-01-05 04:00:00,0.0,0.104432356045
2015-01-05 05:00:00,0.0,0.344601123478
2015-01-05 06:00:00,0.0,0.663121737524
2015-01-05 07:00:00,1.0,1.05592401762
2015-01-05 08:00:00,2.0,1.41794580662
2015-01-05 09:00:00,2.0,1.6607866759
2015-01-05 10:00:00,3.0,1.87447863223
2015-01-05 11:00:00,2.0,2.0
2015-01-05 12:00:00,2.0,2.0
2015-01-05 13:00:00,2.0,1.90350534606
2015-01-05 14:00:00,2.0,1.66880857664
2015-01-05 15:00:00,2.0,1.36361192579
2015-01-05 16:00:00,1.0,1.00000439591
2015-01-05 17:00:00,0.0,0.636640863234
2015-01-05 18:00:00,0.0,0.331587744511
2015-01-05 19:00:00,0.0,0.101847263112
2015-01-05 20:00:00,0.0,0.0
2015-01-05 21:00:00,0.0,0.0
2015-01-05 22:00:00,0.0,0.0
2015-01-05 23:00:00,0.0,0.0
2015-01-06 00:00:00,0.0,0.0
2015-01-06 01:00:00,0.0,0.0
2015-01-06 02:00:00,0.0,0.0
2015-01-06 03:00:00,0.0,0.0
2015-01-06 04:00:00,0.0,0.0824201791565
2015-01-06 05:00:00,0.0,0.293120006362
2015-01-06 06:00:00,0.0,0.591449071297
2015-01-06 07:00:00,1.0,1.01574545691
2015-01-06 08:00:00,1.0,1.53618150138
2015-01-06 09:00:00,2.0,2.17057729751
2015-01-06 10:00:00,3.0,2.89902927217
2015-01-06 11:00:00,1.0,2.80242797332
2015-01-06 12:00:00,5.0,2.90201320384
2015-01-06 13:00:00,5.0,3.0
2015-01-06 14:00:00,3.0,3.0
2015-01-06 15:00:00,4.0,2.5
2015-01-06 16:00:00,1.0,1.96623186849
2015-01-06 17:00:00,0.0,1.43180646304
2015-01-06 18:00:00,1.0,0.836579300305
2015-01-06 19:00:00,0.0,0.449130243647
2015-01-06 20:00:00,0.0,0.207488822846
2015-01-06 21:00:00,0.0,0.0487538958914
2015-01-06 22:00:00,0.0,0.0
2015-01-06 23:00:00,0.0,0.0
2015-01-07 00:00:00,0.0,0.0
2015-01-07 01:00:00,0.0,0.0
2015-01-07 02:00:00,0.0,0.0
2015-01-07 03:00:00,0.0,0.0
2015-01-07 04:00:00,0.0,0.104977679106
2015-01-07 05:00:00,0.0,0.360132079623
2015-01-07 06:00:00,0.0,0.698744078762
2015-01-07 07:00:00,1.0,1.08649331492
2015-01-07 08:00:00,2.0,1.50851584288
2015-01-07 09:00:00,2.0,1.81634517268
2015-01-07 10:00:00,3.0,2.02033867297
2015-01-07 11:00:00,2.0,2.0
2015-01-07 12:00:00,3.0,2.0
2015-01-07 13:00:00,3.0,1.99342721672
2015-01-07 14:00:00,2.0,1.94008573713
2015-01-07 15:00:00,2.0,1.68120572947
2015-01-07 16:00:00,1.0,1.27489063817
2015-01-07 17:00:00,1.0,0.880836385609
2015-01-07 18:00:00,0.0,0.543474646728
2015-01-07 19:00:00,0.0,0.284218373668
2015-01-07 20:00:00,0.0,0.0750903651068
2015-01-07 21:00:00,0.0,0.0
2015-01-07 22:00:00,0.0,0.0
2015-01-07 23:00:00,0.0,0.0
2015-01-08 00:00:00,0.0,0.0
2015-01-08 01:00:00,0.0,0.0
2015-01-08 02:00:00,0.0,0.0
2015-01-08 03:00:00,0.0,0.0
2015-01-08 04:00:00,0.0,0.0699085421738
2015-01-08 05:00:00,0.0,0.274553015553
2015-01-08 06:00:00,0.0,0.523242748395
2015-01-08 07:00:00,1.0,0.852385933765
2015-01-08 08:00:00,1.0,1.2542224376
2015-01-08 09:00:00,2.0,1.64679769117
2015-01-08 10:00:00,2.0,1.60884793475
2015-01-08 11:00:00,0.0,1.50666129552
2015-01-08 12:00:00,2.0,1.42809976131
2015-01-08 13:00:00,1.0,1.19181331761
2015-01-08 14:00:00,1.0,0.941254834637
2015-01-08 15:00:00,1.0,0.644327924822
2015-01-08 16:00:00,0.0,0.416135916474
2015-01-08 17:00:00,0.0,0.247270340657
2015-01-08 18:00:00,1.0,0.0584396776562
2015-01-08 19:00:00,0.0,0.0
2015-01-08 20:00:00,0.0,0.0
2015-01-08 21:00:00,0.0,0.0
2015-01-08 22:00:00,0.0,0.0
2015-01-08 23:00:00,0.0,0.0
2015-01-09 00:00:00,0.0,0.0
2015-01-09 01:00:00,0.0,0.0
2015-01-09 02:00:00,0.0,0.0
2015-01-09 03:00:00,0.0,0.0
2015-01-09 04:00:00,0.0,0.0682809598018
2015-01-09 05:00:00,0.0,0.442446327579
2015-01-09 06:00:00,0.0,0.911390392662
2015-01-09 07:00:00,1.0,1.41665646232
2015-01-09 08:00:00,2.0,2.04385105648
2015-01-09 09:00:00,3.0,2.83126032234
2015-01-09 10:00:00,4.0,3.56534684053
2015-01-09 11:00:00,4.0,3.57932356053
2015-01-09 12:00:00,6.0,3.34479884107
2015-01-09 13:00:00,5.0,3.13620846812
2015-01-09 14:00:00,3.0,2.72158394284
2015-01-09 15:00:00,2.0,2.10102490008
2015-01-09 16:00:00,0.0,1.4852468868
2015-01-09 17:00:00,0.0,0.961526864366
2015-01-09 18:00:00,0.0,0.416097074953
2015-01-09 19:00:00,0.0,0.0
2015-01-09 20:00:00,0.0,0.0
2015-01-09 21:00:00,0.0,0.0
2015-01-09 22:00:00,0.0,0.0
2015-01-09 23:00:00,0.0,0.0
2015-01-10 00:00:00,0.0,0.0
2015-01-10 01:00:00,0.0,0.0
2015-01-10 02:00:00,0.0,0.0
2015-01-10 03:00:00,0.0,0.0
2015-01-10 04:00:00,0.0,0.0
2015-01-10 05:00:00,0.0,0.0342482684547
2015-01-10 06:00:00,0.0,0.207832003283
2015-01-10 07:00:00,0.0,0.41984682153
2015-01-10 08:00:00,1.0,0.631405152727
2015-01-10 09:00:00,1.0,0.86182808279
2015-01-10 10:00:00,1.0,0.984442827675
2015-01-10 11:00:00,2.0,1.05295017531
2015-01-10 12:00:00,1.0,1.23974710249
2015-01-10 13:00:00,1.0,1.40897928959
2015-01-10 14:00:00,2.0,1.6271293899
2015-01-10 15:00:00,2.0,1.90164024201
2015-01-10 16:00:00,2.0,1.83130132295
2015-01-10 17:00:00,3.0,1.58221951382
2015-01-10 18:00:00,2.0,1.28270464305
2015-01-10 19:00:00,1.0,0.94732372909
2015-01-10 20:00:00,0.0,0.605802510395
2015-01-10 21:00:00,0.0,0.335480724195
2015-01-10 22:00:00,0.0,0.104299636235
2015-01-10 23:00:00,0.0,0.0
2015-01-12 00:00:00,0.0,0.0
2015-01-12 01:00:00,0.0,0.0
2015-01-12 02:00:00,0.0,0.0
2015-01-12 03:00:00,0.0,0.0
2015-01-12 04:00:00,0.0,0.0279891432171
2015-01-12 05:00:00,0.0,0.190862209277
2015-01-12 06:00:00,0.0,0.406083549498
2015-01-12 07:00:00,1.0,0.599031856892
2015-01-12 08:00:00,1.0,0.822057011565
2015-01-12 09:00:00,1.0,1.01370904012
2015-01-12 10:00:00,1.0,1.2199198436
2015-01-12 11:00:00,1.0,1.45615790232
2015-01-12 12:00:00,2.0,1.73330480082
2015-01-12 13:00:00,2.0,1.90005395963
2015-01-12 14:00:00,1.0,1.97983836562
2015-01-12 15:00:00,3.0,2.0
2015-01-12 16:00:00,2.0,2.0
2015-01-12 17:00:00,3.0,1.5
2015-01-12 18:00:00,2.0,1.07887861069
2015-01-12 19:00:00,0.0,0.669059137693
2015-01-12 20:00:00,0.0,0.0
2015-01-12 21:00:00,0.0,0.0
2015-01-12 22:00:00,0.0,0.0
2015-01-12 23:00:00,0.0,0.0
2015-01-13 00:00:00,0.0,0.0
2015-01-13 01:00:00,0.0,0.0
2015-01-13 02:00:00,0.0,0.0
2015-01-13 03:00:00,0.0,0.0
2015-01-13 04:00:00,0.0,0.0342845910483
2015-01-13 05:00:00,0.0,0.207989866702
2015-01-13 06:00:00,0.0,0.419966606191
2015-01-13 07:00:00,1.0,0.631549957753
2015-01-13 08:00:00,1.0,0.861752853737
2015-01-13 09:00:00,1.0,0.984388529725
2015-01-13 10:00:00,2.0,1.04791148809
2015-01-13 11:00:00,1.0,1.18989719042
2015-01-13 12:00:00,1.0,1.36817336398
2015-01-13 13:00:00,2.0,1.56720137101
2015-01-13 14:00:00,3.0,1.82869632653
2015-01-13 15:00:00,2.0,2.01838356807
2015-01-13 16:00:00,0.0,2.0
2015-01-13 17:00:00,4.0,2.0
2015-01-13 18:00:00,5.0,2.0
2015-01-13 19:00:00,2.0,2.0
2015-01-13 20:00:00,0.0,1.39631977103
2015-01-13 21:00:00,0.0,0.908162206878
2015-01-13 22:00:00,0.0,0.414544860741
2015-01-13 23:00:00,0.0,0.0
2015-01-14 00:00:00,0.0,0.0
2015-01-14 01:00:00,0.0,0.0
2015-01-14 02:00:00,0.0,0.0
2015-01-14 03:00:00,0.0,0.0
2015-01-14 04:00:00,0.0,0.10485189171
2015-01-14 05:00:00,0.0,0.375517619056
2015-01-14 06:00:00,0.0,0.724069260961
2015-01-14 07:00:00,1.0,1.11587613747
2015-01-14 08:00:00,2.0,1.5925117238
2015-01-14 09:00:00,2.0,2.02448297638
2015-01-14 10:00:00,3.0,2.38392837967
2015-01-14 11:00:00,1.0,2.7428087774
2015-01-14 12:00:00,3.0,3.10671189469
2015-01-14 13:00:00,4.0,3.70053918913
2015-01-14 14:00:00,4.0,5.0
2015-01-14 15:00:00,4.0,6.0
2015-01-14 16:00:00,3.0,2.0
2015-01-14 17:00:00,1.0,0.0
2015-01-14 18:00:00,0.0,0.0
2015-01-14 19:00:00,0.0,0.0
2015-01-14 20:00:00,0.0,0.0
2015-01-14 21:00:00,0.0,0.0
2015-01-14 22:00:00,0.0,0.0
2015-01-14 23:00:00,0.0,0.0
2015-01-15 00:00:00,0.0,0.0
2015-01-15 01:00:00,0.0,0.0
2015-01-15 02:00:00,0.0,0.0
2015-01-15 03:00:00,0.0,0.0
2015-01-15 04:00:00,0.0,0.41523872755
2015-01-15 05:00:00,0.0,0.954199750841
2015-01-15 06:00:00,0.0,1.47603665717
2015-01-15 07:00:00,2.0,2.09358149631
2015-01-15 08:00:00,3.0,2.51218962992
2015-01-15 09:00:00,5.0,2.68508952821
2015-01-15 10:00:00,5.0,2.94091527967
2015-01-15 11:00:00,3.0,3.12535984746
2015-01-15 12:00:00,3.0,3.4205411036
2015-01-15 13:00:00,4.0,3.97735959034
2015-01-15 14:00:00,5.0,4.53778591216
2015-01-15 15:00:00,5.0,5.09598528315
2015-01-15 16:00:00,1.0,3.46122831459
2015-01-15 17:00:00,5.0,2.563822866
2015-01-15 18:00:00,5.0,1.45605098464
2015-01-15 19:00:00,0.0,0.0
2015-01-15 20:00:00,0.0,0.0
2015-01-15 21:00:00,0.0,0.0
2015-01-15 22:00:00,0.0,0.0
2015-01-15 23:00:00,0.0,0.0
2015-01-16 00:00:00,0.0,0.0
2015-01-16 01:00:00,0.0,0.0
2015-01-16 02:00:00,0.0,0.0
2015-01-16 03:00:00,0.0,0.0
2015-01-16 04:00:00,0.0,0.179550870522
2015-01-16 05:00:00,0.0,0.726671296783
2015-01-16 06:00:00,0.0,1.15480493365
2015-01-16 07:00:00,2.0,1.64709142591
2015-01-16 08:00:00,2.0,2.14605293581
2015-01-16 09:00:00,3.0,2.35346955764
2015-01-16 10:00:00,4.0,2.55649483104
2015-01-16 11:00:00,1.0,2.76616287653
2015-01-16 12:00:00,3.0,3.01941704155
2015-01-16 13:00:00,3.0,2.67195097293
2015-01-16 14:00:00,2.0,2.28610663169
2015-01-16 15:00:00,2.0,1.88924882387
2015-01-16 16:00:00,0.0,1.50723711927
2015-01-16 17:00:00,1.0,1.13214964088
2015-01-16 18:00:00,1.0,0.76544501189
2015-01-16 19:00:00,0.0,0.468957509067
2015-01-16 20:00:00,0.0,0.244774551235
2015-01-16 21:00:00,0.0,0.0533105858068
2015-01-16 22:00:00,0.0,0.0
2015-01-16 23:00:00,0.0,0.0
2015-01-17 00:00:00,0.0,0.0
2015-01-17 01:00:00,0.0,0.0
2015-01-17 02:00:00,0.0,0.0
2015-01-17 03:00:00,0.0,0.0
2015-01-17 04:00:00,0.0,0.0
2015-01-17 05:00:00,0.0,0.0
2015-01-17 06:00:00,0.0,0.0190414981053
2015-01-17 07:00:00,0.0,0.144763455367
2015-01-17 08:00:00,0.0,0.371907248897
2015-01-17 09:00:00,1.0,0.491719504962
2015-01-17 10:00:00,1.0,0.539111531581
2015-01-17 11:00:00,1.0,0.518084619441
2015-01-17 12:00:00,0.0,0.11789094697
2015-01-17 13:00:00,0.0,0.787346160804
2015-01-17 14:00:00,0.0,1.06215827311
2015-01-17 15:00:00,2.0,1.437293913
2015-01-17 16:00:00,2.0,2.0
2015-01-17 17:00:00,2.0,1.74206265254
2015-01-17 18:00:00,2.0,1.25075751654
2015-01-17 19:00:00,0.0,0.86618444871
2015-01-17 20:00:00,0.0,0.379318810458
2015-01-17 21:00:00,0.0,0.0
2015-01-17 22:00:00,0.0,0.0
2015-01-17 23:00:00,0.0,0.0
2015-01-20 00:00:00,0.0,0.0
2015-01-20 01:00:00,0.0,0.0
2015-01-20 02:00:00,0.0,0.0
2015-01-20 03:00:00,0.0,0.0
2015-01-20 04:00:00,0.0,0.0
2015-01-20 05:00:00,0.0,0.0
2015-01-20 06:00:00,0.0,0.0786151315299
2015-01-20 07:00:00,0.0,0.310826563451
2015-01-20 08:00:00,2.0,0.509528492718
2015-01-20 09:00:00,1.0,0.718485665301
2015-01-20 10:00:00,1.0,0.931014370609
2015-01-20 11:00:00,1.0,0.834918713396
2015-01-20 12:00:00,1.0,0.605147217845
2015-01-20 13:00:00,0.0,0.407991709304
2015-01-20 14:00:00,0.0,0.192812322848
2015-01-20 15:00:00,0.0,0.0284520652624
2015-01-20 16:00:00,0.0,0.0
2015-01-20 17:00:00,0.0,0.0
2015-01-20 18:00:00,0.0,0.0
2015-01-20 19:00:00,0.0,0.0
2015-01-20 20:00:00,0.0,0.0
2015-01-20 21:00:00,0.0,0.0
2015-01-20 22:00:00,0.0,0.0
2015-01-20 23:00:00,0.0,0.0
2015-01-21 00:00:00,0.0,0.0
2015-01-21 01:00:00,0.0,0.0
2015-01-21 02:00:00,0.0,0.0
2015-01-21 03:00:00,0.0,0.0
2015-01-21 04:00:00,0.0,0.0
2015-01-21 05:00:00,0.0,0.0
2015-01-21 06:00:00,0.0,0.0
2015-01-21 07:00:00,0.0,0.0237832558691
2015-01-21 08:00:00,0.0,0.171042237922
2015-01-21 09:00:00,0.0,0.400345212279
2015-01-21 10:00:00,1.0,0.616057602142
2015-01-21 11:00:00,1.0,0.800003560978
2015-01-21 12:00:00,0.0,0.922830162212
2015-01-21 13:00:00,1.0,0.800003560978
2015-01-21 14:00:00,1.0,0.616057602142
2015-01-21 15:00:00,0.0,0.400345212279
2015-01-21 16:00:00,0.0,0.171042237922
2015-01-21 17:00:00,0.0,0.0237832558691
2015-01-21 18:00:00,0.0,0.0
2015-01-21 19:00:00,0.0,0.0
2015-01-21 20:00:00,0.0,0.0
2015-01-21 21:00:00,0.0,0.0
2015-01-21 22:00:00,0.0,0.0
2015-01-21 23:00:00,0.0,0.0
2015-01-22 00:00:00,0.0,0.0
2015-01-22 01:00:00,0.0,0.0
2015-01-22 02:00:00,0.0,0.0
2015-01-22 03:00:00,0.0,0.0
2015-01-22 04:00:00,0.0,0.0850206603066
2015-01-22 05:00:00,0.0,0.437231331106
2015-01-22 06:00:00,0.0,0.890899173925
2015-01-22 07:00:00,1.0,1.38769025323
2015-01-22 08:00:00,2.0,2.03692632582
2015-01-22 09:00:00,3.0,3.0
2015-01-22 10:00:00,4.0,2.50627910545
2015-01-22 11:00:00,1.0,2.38754557527
2015-01-22 12:00:00,1.0,2.29631550276
2015-01-22 13:00:00,2.0,2.0
2015-01-22 14:00:00,2.0,2.0
2015-01-22 15:00:00,2.0,2.0
2015-01-22 16:00:00,0.0,1.17179839784
2015-01-22 17:00:00,0.0,0.845615149959
2015-01-22 18:00:00,1.0,0.0709622234826
2015-01-22 19:00:00,0.0,0.0
2015-01-22 20:00:00,0.0,0.0
2015-01-22 21:00:00,0.0,0.0
2015-01-22 22:00:00,0.0,0.0
2015-01-22 23:00:00,0.0,0.0
2015-01-23 00:00:00,0.0,0.0
2015-01-23 01:00:00,0.0,0.0
2015-01-23 02:00:00,0.0,0.0
2015-01-23 03:00:00,0.0,0.0
2015-01-23 04:00:00,0.0,0.0719381784975
2015-01-23 05:00:00,0.0,0.279346148243
2015-01-23 06:00:00,0.0,0.518143428283
2015-01-23 07:00:00,1.0,0.834527976892
2015-01-23 08:00:00,1.0,1.19687450436
2015-01-23 09:00:00,2.0,1.53229684332
2015-01-23 10:00:00,2.0,1.78998808859
2015-01-23 11:00:00,2.0,1.95469485188
2015-01-23 12:00:00,4.0,1.91360298944
2015-01-23 13:00:00,2.0,1.69944084483
2015-01-23 14:00:00,2.0,1.43718194483
2015-01-23 15:00:00,1.0,0.93097737827
2015-01-23 16:00:00,0.0,0.202985029331
2015-01-23 17:00:00,0.0,0.426711681435
2015-01-23 18:00:00,3.0,0.23787876619
2015-01-23 19:00:00,2.0,0.0
2015-01-23 20:00:00,0.0,0.0
2015-01-23 21:00:00,0.0,0.0
2015-01-23 22:00:00,0.0,0.0
2015-01-23 23:00:00,0.0,0.0
2015-01-24 00:00:00,0.0,0.0
2015-01-24 01:00:00,0.0,0.0
2015-01-24 02:00:00,0.0,0.0
2015-01-24 03:00:00,0.0,0.0
2015-01-24 04:00:00,0.0,0.0
2015-01-24 05:00:00,0.0,0.0
2015-01-24 06:00:00,0.0,0.0
2015-01-24 07:00:00,0.0,0.0
2015-01-24 08:00:00,0.0,0.0
2015-01-24 09:00:00,0.0,0.0
2015-01-24 10:00:00,0.0,0.0
2015-01-24 11:00:00,0.0,0.0
2015-01-24 12:00:00,0.0,0.0
2015-01-24 13:00:00,0.0,0.0
2015-01-24 14:00:00,0.0,0.0
2015-01-24 15:00:00,0.0,0.0
2015-01-24 16:00:00,0.0,0.0
2015-01-24 17:00:00,0.0,0.0
2015-01-24 18:00:00,2.0,0.0
2015-01-24 19:00:00,2.0,0.0
2015-01-24 20:00:00,0.0,0.0
2015-01-24 21:00:00,0.0,0.0
2015-01-24 22:00:00,0.0,0.0
2015-01-24 23:00:00,0.0,0.0
2015-01-26 00:00:00,0.0,0.0
2015-01-26 01:00:00,0.0,0.0
2015-01-26 02:00:00,0.0,0.0
2015-01-26 03:00:00,0.0,0.0
2015-01-26 04:00:00,0.0,0.0
2015-01-26 05:00:00,0.0,0.0
2015-01-26 06:00:00,0.0,0.186072203683
2015-01-26 07:00:00,2.0,0.432268468609
2015-01-26 08:00:00,2.0,0.662925408721
2015-01-26 09:00:00,1.0,0.973375104557
2015-01-26 10:00:00,1.0,1.46910364928
2015-01-26 11:00:00,0.0,1.99340009251
2015-01-26 12:00:00,3.0,2.51723288253
2015-01-26 13:00:00,3.0,2.79442795341
2015-01-26 14:00:00,4.0,2.63519095623
2015-01-26 15:00:00,5.0,2.32722548858
2015-01-26 16:00:00,2.0,1.87789346468
2015-01-26 17:00:00,0.0,1.38899399749
2015-01-26 18:00:00,0.0,0.887088273549
2015-01-26 19:00:00,0.0,0.372786932959
2015-01-26 20:00:00,0.0,0.0
2015-01-26 21:00:00,0.0,0.0
2015-01-26 22:00:00,0.0,0.0
2015-01-26 23:00:00,0.0,0.0
2015-01-27 00:00:00,0.0,0.0
2015-01-27 01:00:00,0.0,0.0
2015-01-27 02:00:00,0.0,0.0
2015-01-27 03:00:00,0.0,0.0
2015-01-27 04:00:00,0.0,0.099569010133
2015-01-27 05:00:00,0.0,0.431091742592
2015-01-27 06:00:00,0.0,0.812378395971
2015-01-27 07:00:00,1.0,1.26099230227
2015-01-27 08:00:00,2.0,1.92650468747
2015-01-27 09:00:00,3.0,1.5279545402
2015-01-27 10:00:00,4.0,1.40618551465
2015-01-27 11:00:00,0.0,1.2967224103
2015-01-27 12:00:00,1.0,1.0
2015-01-27 13:00:00,1.0,0.959801132027
2015-01-27 14:00:00,1.0,0.722508210488
2015-01-27 15:00:00,2.0,0.509023109879
2015-01-27 16:00:00,0.0,0.313384742119
2015-01-27 17:00:00,0.0,0.0809017626834
2015-01-27 18:00:00,0.0,0.0
2015-01-27 19:00:00,0.0,0.0
2015-01-27 20:00:00,0.0,0.0
2015-01-27 21:00:00,0.0,0.0
2015-01-27 22:00:00,0.0,0.0
2015-01-27 23:00:00,0.0,0.0
2015-01-28 00:00:00,0.0,0.0
2015-01-28 01:00:00,0.0,0.0
2015-01-28 02:00:00,0.0,0.0
2015-01-28 03:00:00,0.0,0.0
2015-01-28 04:00:00,0.0,0.0724333503156
2015-01-28 05:00:00,0.0,0.287573319961
2015-01-28 06:00:00,0.0,0.735416170279
2015-01-28 07:00:00,1.0,1.35735913099
2015-01-28 08:00:00,1.0,2.04338302124
2015-01-28 09:00:00,3.0,2.90353026387
2015-01-28 10:00:00,4.0,2.91143961572
2015-01-28 11:00:00,4.0,3.06069693074
2015-01-28 12:00:00,5.0,3.07776843515
2015-01-28 13:00:00,3.0,3.0
2015-01-28 14:00:00,4.0,2.5
2015-01-28 15:00:00,3.0,1.9929425055
2015-01-28 16:00:00,0.0,1.48360195058
2015-01-28 17:00:00,1.0,0.944743962891
2015-01-28 18:00:00,0.0,0.560126343537
2015-01-28 19:00:00,0.0,0.294302167122
2015-01-28 20:00:00,0.0,0.0843380043085
2015-01-28 21:00:00,0.0,0.0
2015-01-28 22:00:00,0.0,0.0
2015-01-28 23:00:00,0.0,0.0
2015-01-29 00:00:00,0.0,0.0
2015-01-29 01:00:00,0.0,0.0
2015-01-29 02:00:00,0.0,0.0
2015-01-29 03:00:00,0.0,0.0
2015-01-29 04:00:00,0.0,0.212408841418
2015-01-29 05:00:00,0.0,0.750718230016
2015-01-29 06:00:00,0.0,1.2049658619
2015-01-29 07:00:00,2.0,1.72495965911
2015-01-29 08:00:00,2.0,2.30095626174
2015-01-29 09:00:00,3.0,2.89037828094
2015-01-29 10:00:00,5.0,2.8900446098
2015-01-29 11:00:00,5.0,2.9041259189
2015-01-29 12:00:00,4.0,3.0
2015-01-29 13:00:00,3.0,3.0
2015-01-29 14:00:00,3.0,2.83067060473
2015-01-29 15:00:00,3.0,2.32931479932
2015-01-29 16:00:00,1.0,1.90237195134
2015-01-29 17:00:00,1.0,1.43025807184
2015-01-29 18:00:00,1.0,0.960231576679
2015-01-29 19:00:00,1.0,0.672755847905
2015-01-29 20:00:00,0.0,0.433550898553
2015-01-29 21:00:00,0.0,0.213582911094
2015-01-29 22:00:00,0.0,0.0362359001561
2015-01-29 23:00:00,0.0,0.0
2015-01-30 00:00:00,0.0,0.0
2015-01-30 01:00:00,0.0,0.0
2015-01-30 02:00:00,0.0,0.0
2015-01-30 03:00:00,0.0,0.0
2015-01-30 04:00:00,0.0,0.000491516245033
2015-01-30 05:00:00,0.0,0.58301032351
2015-01-30 06:00:00,0.0,1.04451985862
2015-01-30 07:00:00,2.0,1.4184327593
2015-01-30 08:00:00,2.0,1.98677432419
2015-01-30 09:00:00,4.0,2.0
2015-01-30 10:00:00,2.0,2.0
2015-01-30 11:00:00,2.0,2.0
2015-01-30 12:00:00,2.0,2.0
2015-01-30 13:00:00,2.0,2.0
2015-01-30 14:00:00,4.0,2.0
2015-01-30 15:00:00,4.0,1.8993177284
2015-01-30 16:00:00,1.0,1.81747608779
2015-01-30 17:00:00,2.0,1.92155869793
2015-01-30 18:00:00,1.0,1.25460897722
2015-01-30 19:00:00,0.0,0.80290896981
2015-01-30 20:00:00,0.0,0.423782514348
2015-01-30 21:00:00,0.0,0.0989062863776
2015-01-30 22:00:00,0.0,0.0
2015-01-30 23:00:00,0.0,0.0
2015-01-31 00:00:00,0.0,0.0
2015-01-31 01:00:00,0.0,0.0
2015-01-31 02:00:00,0.0,0.0
2015-01-31 03:00:00,0.0,0.0
2015-01-31 04:00:00,0.0,0.0
2015-01-31 05:00:00,0.0,0.0276929392672
2015-01-31 06:00:00,0.0,0.189809638143
2015-01-31 07:00:00,0.0,0.405320629263
2015-01-31 08:00:00,1.0,0.59502321329
2015-01-31 09:00:00,1.0,0.811912367769
2015-01-31 10:00:00,1.0,0.974590144676
2015-01-31 11:00:00,1.0,0.973435217086
2015-01-31 12:00:00,1.0,0.808114119271
2015-01-31 13:00:00,1.0,0.591787408865
2015-01-31 14:00:00,0.0,0.400213870485
2015-01-31 15:00:00,0.0,0.175235369676
2015-01-31 16:00:00,0.0,0.010290922534
2015-01-31 17:00:00,0.0,0.0
2015-01-31 18:00:00,1.0,0.0
2015-01-31 19:00:00,1.0,0.0
2015-01-31 20:00:00,0.0,0.0
2015-01-31 21:00:00,0.0,0.0
2015-01-31 22:00:00,0.0,0.0
2015-01-31 23:00:00,0.0,0.0
2015-02-02 00:00:00,0.0,0.0
2015-02-02 01:00:00,0.0,0.0
2015-02-02 02:00:00,0.0,0.0
2015-02-02 03:00:00,0.0,0.0
2015-02-02 04:00:00,0.0,0.160754527588
2015-02-02 05:00:00,0.0,0.715505060769
2015-02-02 06:00:00,0.0,1.12951322181
2015-02-02 07:00:00,2.0,1.60352131919
2015-02-02 08:00:00,2.0,2.0
2015-02-02 09:00:00,3.0,2.0
2015-02-02 10:00:00,4.0,2.3657812255
2015-02-02 11:00:00,2.0,2.58097662347
2015-02-02 12:00:00,2.0,2.5
2015-02-02 13:00:00,3.0,2.89741916127
2015-02-02 14:00:00,4.0,2.3134616088
2015-02-02 15:00:00,3.0,1.65899740108
2015-02-02 16:00:00,1.0,1.02622313749
2015-02-02 17:00:00,0.0,0.58472292562
2015-02-02 18:00:00,0.0,0.315593657909
2015-02-02 19:00:00,0.0,0.0936272057759
2015-02-02 20:00:00,0.0,0.0
2015-02-02 21:00:00,0.0,0.0
2015-02-02 22:00:00,0.0,0.0
2015-02-02 23:00:00,0.0,0.0
2015-02-03 00:00:00,0.0,0.0
2015-02-03 01:00:00,0.0,0.0
2015-02-03 02:00:00,0.0,0.0
2015-02-03 03:00:00,0.0,0.0
2015-02-03 04:00:00,0.0,0.409889515174
2015-02-03 05:00:00,0.0,0.965782651635
2015-02-03 06:00:00,0.0,1.4934192025
2015-02-03 07:00:00,2.0,2.10940281896
2015-02-03 08:00:00,3.0,2.74105974327
2015-02-03 09:00:00,4.0,3.19095786545
2015-02-03 10:00:00,5.0,3.63062638608
2015-02-03 11:00:00,4.0,3.43652906611
2015-02-03 12:00:00,4.0,3.33159224453
2015-02-03 13:00:00,4.0,2.62366847378
2015-02-03 14:00:00,2.0,1.90796868575
2015-02-03 15:00:00,1.0,1.27959076583
2015-02-03 16:00:00,0.0,0.827662711466
2015-02-03 17:00:00,0.0,0.435606930891
2015-02-03 18:00:00,0.0,0.0904045665414
2015-02-03 19:00:00,0.0,0.0
2015-02-03 20:00:00,0.0,0.0
2015-02-03 21:00:00,0.0,0.0
2015-02-03 22:00:00,0.0,0.0
2015-02-03 23:00:00,0.0,0.0
2015-02-04 00:00:00,0.0,0.0
2015-02-04 01:00:00,0.0,0.0
2015-02-04 02:00:00,0.0,0.0
2015-02-04 03:00:00,0.0,0.101304018919
2015-02-04 04:00:00,0.0,0.330944676642
2015-02-04 05:00:00,0.0,0.639545930413
2015-02-04 06:00:00,1.0,1.00411462508
2015-02-04 07:00:00,2.0,1.39347206672
2015-02-04 08:00:00,2.0,1.71181697883
2015-02-04 09:00:00,2.0,1.90361655559
2015-02-04 10:00:00,1.0,2.0
2015-02-04 11:00:00,2.0,2.0
2015-02-04 12:00:00,2.0,1.92089259214
2015-02-04 13:00:00,2.0,1.6876040035
2015-02-04 14:00:00,2.0,1.36758974513
2015-02-04 15:00:00,1.0,1.00192686301
2015-02-04 16:00:00,0.0,0.638336916196
2015-02-04 17:00:00,0.0,0.331619897327
2015-02-04 18:00:00,0.0,0.101866660451
2015-02-04 19:00:00,0.0,0.0
2015-02-04 20:00:00,0.0,0.0
2015-02-04 21:00:00,0.0,0.0
2015-02-04 22:00:00,0.0,0.0
2015-02-04 23:00:00,0.0,0.0
2015-02-05 00:00:00,0.0,0.0
2015-02-05 01:00:00,0.0,0.0
2015-02-05 02:00:00,0.0,0.0
2015-02-05 03:00:00,0.0,0.0
2015-02-05 04:00:00,0.0,0.80173540058
2015-02-05 05:00:00,0.0,1.51091348803
2015-02-05 06:00:00,1.0,2.19096027799
2015-02-05 07:00:00,3.0,3.0
2015-02-05 08:00:00,3.0,4.0
2015-02-05 09:00:00,7.0,5.0
2015-02-05 10:00:00,6.0,6.0
2015-02-05 11:00:00,5.0,6.0
2015-02-05 12:00:00,8.0,5.70542747825
2015-02-05 13:00:00,7.0,5.4273371622
2015-02-05 14:00:00,6.0,6.0
2015-02-05 15:00:00,3.0,3.91319652499
2015-02-05 16:00:00,0.0,2.85576236676
2015-02-05 17:00:00,0.0,1.85950523641
2015-02-05 18:00:00,1.0,1.03599013036
2015-02-05 19:00:00,0.0,0.498461793634
2015-02-05 20:00:00,0.0,0.246938873793
2015-02-05 21:00:00,0.0,0.0661313668949
2015-02-05 22:00:00,0.0,0.0
2015-02-05 23:00:00,0.0,0.0
2015-02-06 00:00:00,0.0,0.0
2015-02-06 01:00:00,0.0,0.0
2015-02-06 02:00:00,0.0,0.0
2015-02-06 03:00:00,0.0,0.0
2015-02-06 04:00:00,0.0,0.848173311254
2015-02-06 05:00:00,0.0,1.5537900845
2015-02-06 06:00:00,0.0,2.23680721134
2015-02-06 07:00:00,3.0,3.0
2015-02-06 08:00:00,4.0,3.42547766495
2015-02-06 09:00:00,5.0,3.61330431279
2015-02-06 10:00:00,6.0,3.82865059355
2015-02-06 11:00:00,4.0,4.0
2015-02-06 12:00:00,4.0,3.6008557752
2015-02-06 13:00:00,5.0,2.74045786832
2015-02-06 14:00:00,5.0,1.95367240242
2015-02-06 15:00:00,1.0,1.11146825523
2015-02-06 16:00:00,0.0,0.366650080242
2015-02-06 17:00:00,0.0,0.127502890407
2015-02-06 18:00:00,0.0,0.0326184766959
2015-02-06 19:00:00,1.0,0.0
2015-02-06 20:00:00,0.0,0.0
2015-02-06 21:00:00,0.0,0.0
2015-02-06 22:00:00,0.0,0.0
2015-02-06 23:00:00,0.0,0.0
2015-02-07 00:00:00,0.0,0.0
2015-02-07 01:00:00,0.0,0.0
2015-02-07 02:00:00,0.0,0.0
2015-02-07 03:00:00,0.0,0.0
2015-02-07 04:00:00,0.0,0.0
2015-02-07 05:00:00,0.0,0.0
2015-02-07 06:00:00,0.0,0.0
2015-02-07 07:00:00,0.0,0.0
2015-02-07 08:00:00,0.0,0.0
2015-02-07 09:00:00,0.0,0.0
2015-02-07 10:00:00,0.0,0.0
2015-02-07 11:00:00,0.0,0.0
2015-02-07 12:00:00,0.0,0.0342950880139
2015-02-07 13:00:00,0.0,0.208108072897
2015-02-07 14:00:00,0.0,0.420359387119
2015-02-07 15:00:00,1.0,0.632454259788
2015-02-07 16:00:00,1.0,0.877476865234
2015-02-07 17:00:00,1.0,0.940425285989
2015-02-07 18:00:00,3.0,0.730713082208
2015-02-07 19:00:00,1.0,0.525665274183
2015-02-07 20:00:00,0.0,0.342403018356
2015-02-07 21:00:00,0.0,0.127123265859
2015-02-07 22:00:00,0.0,0.0231103504606
2015-02-07 23:00:00,0.0,0.0
2015-02-09 00:00:00,0.0,0.0
2015-02-09 01:00:00,0.0,0.0
2015-02-09 02:00:00,0.0,0.0
2015-02-09 03:00:00,0.0,0.0
2015-02-09 04:00:00,0.0,0.0
2015-02-09 05:00:00,0.0,0.808190699106
2015-02-09 06:00:00,0.0,1.45786275344
2015-02-09 07:00:00,4.0,2.01203137565
2015-02-09 08:00:00,3.0,3.0
2015-02-09 09:00:00,3.0,3.0
2015-02-09 10:00:00,3.0,2.8444387337
2015-02-09 11:00:00,0.0,2.58566202182
2015-02-09 12:00:00,3.0,2.31755694167
2015-02-09 13:00:00,2.0,2.00262842356
2015-02-09 14:00:00,3.0,1.50107504813
2015-02-09 15:00:00,2.0,1.07206670843
2015-02-09 16:00:00,0.0,0.645075575066
2015-02-09 17:00:00,0.0,0.0
2015-02-09 18:00:00,0.0,0.0
2015-02-09 19:00:00,0.0,0.0
2015-02-09 20:00:00,0.0,0.0
2015-02-09 21:00:00,0.0,0.0
2015-02-09 22:00:00,0.0,0.0
2015-02-09 23:00:00,0.0,0.0
2015-02-10 00:00:00,0.0,0.0
2015-02-10 01:00:00,0.0,0.0
2015-02-10 02:00:00,0.0,0.0
2015-02-10 03:00:00,0.0,0.0
2015-02-10 04:00:00,0.0,0.0361979038878
2015-02-10 05:00:00,0.0,0.213659595706
2015-02-10 06:00:00,0.0,0.425993470186
2015-02-10 07:00:00,1.0,0.641750573174
2015-02-10 08:00:00,1.0,0.902427517368
2015-02-10 09:00:00,1.0,1.15244112771
2015-02-10 10:00:00,2.0,1.39892429878
2015-02-10 11:00:00,1.0,1.61676574366
2015-02-10 12:00:00,2.0,1.87048289435
2015-02-10 13:00:00,2.0,2.0006761137
2015-02-10 14:00:00,1.0,2.00096769124
2015-02-10 15:00:00,1.0,2.0
2015-02-10 16:00:00,4.0,2.0
2015-02-10 17:00:00,6.0,6.0
2015-02-10 18:00:00,6.0,6.0
2015-02-10 19:00:00,2.0,2.0
2015-02-10 20:00:00,0.0,1.38194319724
2015-02-10 21:00:00,0.0,0.875174717841
2015-02-10 22:00:00,0.0,0.372057198785
2015-02-10 23:00:00,0.0,0.0
2015-02-11 00:00:00,0.0,0.0
2015-02-11 01:00:00,0.0,0.0
2015-02-11 02:00:00,0.0,0.0
2015-02-11 03:00:00,0.0,0.0
2015-02-11 04:00:00,0.0,0.0278753469542
2015-02-11 05:00:00,0.0,0.191194772936
2015-02-11 06:00:00,0.0,0.406387656513
2015-02-11 07:00:00,1.0,0.597277515682
2015-02-11 08:00:00,1.0,0.822373088152
2015-02-11 09:00:00,1.0,0.988476023966
2015-02-11 10:00:00,1.0,1.1290255281
2015-02-11 11:00:00,0.0,1.38396456521
2015-02-11 12:00:00,1.0,1.65386995357
2015-02-11 13:00:00,2.0,1.91282555464
2015-02-11 14:00:00,3.0,1.77953795749
2015-02-11 15:00:00,3.0,1.56261571183
2015-02-11 16:00:00,2.0,1.33737861937
2015-02-11 17:00:00,1.0,1.06959258055
2015-02-11 18:00:00,0.0,0.657970310081
2015-02-11 19:00:00,0.0,0.3502313552
2015-02-11 20:00:00,0.0,0.100418529982
2015-02-11 21:00:00,0.0,0.0
2015-02-11 22:00:00,0.0,0.0
2015-02-11 23:00:00,0.0,0.0
2015-02-12 00:00:00,0.0,0.0
2015-02-12 01:00:00,0.0,0.0
2015-02-12 02:00:00,0.0,0.0
2015-02-12 03:00:00,0.0,0.0
2015-02-12 04:00:00,0.0,0.0710369733913
2015-02-12 05:00:00,0.0,0.277136658714
2015-02-12 06:00:00,0.0,0.528173362433
2015-02-12 07:00:00,1.0,0.858293114146
2015-02-12 08:00:00,1.0,1.24888253312
2015-02-12 09:00:00,2.0,1.65448490628
2015-02-12 10:00:00,2.0,2.01925936495
2015-02-12 11:00:00,1.0,1.77653498365
2015-02-12 12:00:00,3.0,1.56417126875
2015-02-12 13:00:00,2.0,1.3666837987
2015-02-12 14:00:00,1.0,1.20437750361
2015-02-12 15:00:00,1.0,0.816936003182
2015-02-12 16:00:00,0.0,0.513083448118
2015-02-12 17:00:00,0.0,0.276683254829
2015-02-12 18:00:00,0.0,0.0713284058498
2015-02-12 19:00:00,0.0,0.0
2015-02-12 20:00:00,0.0,0.0
2015-02-12 21:00:00,0.0,0.0
2015-02-12 22:00:00,0.0,0.0
2015-02-12 23:00:00,0.0,0.0
2015-02-13 00:00:00,0.0,0.0
2015-02-13 01:00:00,0.0,0.0
2015-02-13 02:00:00,0.0,0.0
2015-02-13 03:00:00,0.0,0.0
2015-02-13 04:00:00,0.0,0.0801561116179
2015-02-13 05:00:00,0.0,0.291961773432
2015-02-13 06:00:00,0.0,0.563124190641
2015-02-13 07:00:00,1.0,0.921187660398
2015-02-13 08:00:00,1.0,1.37039392457
2015-02-13 09:00:00,2.0,1.82452934185
2015-02-13 10:00:00,5.0,2.24111632292
2015-02-13 11:00:00,2.0,2.64621080044
2015-02-13 12:00:00,3.0,2.51867757097
2015-02-13 13:00:00,5.0,2.61854050822
2015-02-13 14:00:00,4.0,2.21384113471
2015-02-13 15:00:00,2.0,1.76931090352
2015-02-13 16:00:00,1.0,1.2227344707
2015-02-13 17:00:00,0.0,0.77378830139
2015-02-13 18:00:00,0.0,0.404105323753
2015-02-13 19:00:00,0.0,0.0997229956732
2015-02-13 20:00:00,0.0,0.0
2015-02-13 21:00:00,0.0,0.0
2015-02-13 22:00:00,0.0,0.0
2015-02-13 23:00:00,0.0,0.0
2015-02-14 00:00:00,0.0,0.0
2015-02-14 01:00:00,0.0,0.0
2015-02-14 02:00:00,0.0,0.0
2015-02-14 03:00:00,0.0,0.0
2015-02-14 04:00:00,0.0,0.0
2015-02-14 05:00:00,0.0,0.0
2015-02-14 06:00:00,0.0,0.0989585616949
2015-02-14 07:00:00,0.0,0.326189033568
2015-02-14 08:00:00,0.0,0.597018305418
2015-02-14 09:00:00,1.0,0.974341740319
2015-02-14 10:00:00,2.0,0.95260962059
2015-02-14 11:00:00,2.0,0.997459133112
2015-02-14 12:00:00,2.0,0.95260962059
2015-02-14 13:00:00,1.0,0.974341740319
2015-02-14 14:00:00,0.0,0.597018305418
2015-02-14 15:00:00,0.0,0.326189033569
2015-02-14 16:00:00,0.0,0.098958561695
2015-02-14 17:00:00,0.0,0.0
2015-02-14 18:00:00,0.0,0.0
2015-02-14 19:00:00,0.0,0.0
2015-02-14 20:00:00,0.0,0.0
2015-02-14 21:00:00,0.0,0.0
2015-02-14 22:00:00,0.0,0.0
2015-02-14 23:00:00,0.0,0.0
2015-02-17 00:00:00,0.0,0.0
2015-02-17 01:00:00,0.0,0.0
2015-02-17 02:00:00,0.0,0.0
2015-02-17 03:00:00,0.0,0.0
2015-02-17 04:00:00,0.0,0.0
2015-02-17 05:00:00,0.0,0.317894111623
2015-02-17 06:00:00,0.0,0.830236547119
2015-02-17 07:00:00,2.0,1.16646692944
2015-02-17 08:00:00,2.0,1.65833141274
2015-02-17 09:00:00,2.0,2.0
2015-02-17 10:00:00,2.0,2.0
2015-02-17 11:00:00,0.0,2.0
2015-02-17 12:00:00,2.0,2.0
2015-02-17 13:00:00,2.0,2.0
2015-02-17 14:00:00,2.0,1.65833141274
2015-02-17 15:00:00,2.0,1.16646692944
2015-02-17 16:00:00,0.0,0.830236547119
2015-02-17 17:00:00,0.0,0.317894111623
2015-02-17 18:00:00,0.0,0.0
2015-02-17 19:00:00,0.0,0.0
2015-02-17 20:00:00,0.0,0.0
2015-02-17 21:00:00,0.0,0.0
2015-02-17 22:00:00,0.0,0.0
2015-02-17 23:00:00,0.0,0.0
2015-02-18 00:00:00,0.0,0.0
2015-02-18 01:00:00,0.0,0.0
2015-02-18 02:00:00,0.0,0.0
2015-02-18 03:00:00,0.0,0.101802015385
2015-02-18 04:00:00,0.0,0.331514942116
2015-02-18 05:00:00,0.0,0.638898063013
2015-02-18 06:00:00,1.0,1.00239677375
2015-02-18 07:00:00,2.0,1.36910617034
2015-02-18 08:00:00,2.0,1.68990997203
2015-02-18 09:00:00,2.0,1.94647941629
2015-02-18 10:00:00,2.0,2.0
2015-02-18 11:00:00,1.0,2.0
2015-02-18 12:00:00,3.0,2.0
2015-02-18 13:00:00,4.0,2.0
2015-02-18 14:00:00,2.0,2.0
2015-02-18 15:00:00,2.0,1.58342815494
2015-02-18 16:00:00,0.0,1.11478256257
2015-02-18 17:00:00,0.0,0.699683965593
2015-02-18 18:00:00,0.0,0.134794315788
2015-02-18 19:00:00,0.0,0.0
2015-02-18 20:00:00,0.0,0.0
2015-02-18 21:00:00,0.0,0.0
2015-02-18 22:00:00,0.0,0.0
2015-02-18 23:00:00,0.0,0.0
2015-02-19 00:00:00,0.0,0.0
2015-02-19 01:00:00,0.0,0.0
2015-02-19 02:00:00,0.0,0.0
2015-02-19 03:00:00,0.0,0.0918086315067
2015-02-19 04:00:00,0.0,0.315103241919
2015-02-19 05:00:00,0.0,0.586199544559
2015-02-19 06:00:00,1.0,1.112682461
2015-02-19 07:00:00,3.0,1.68795260588
2015-02-19 08:00:00,4.0,2.332525087
2015-02-19 09:00:00,3.0,2.86948523186
2015-02-19 10:00:00,4.0,3.31337271011
2015-02-19 11:00:00,1.0,3.5730031167
2015-02-19 12:00:00,4.0,3.82604035432
2015-02-19 13:00:00,4.0,4.0
2015-02-19 14:00:00,4.0,4.0
2015-02-19 15:00:00,4.0,4.0
2015-02-19 16:00:00,1.0,3.40201828819
2015-02-19 17:00:00,5.0,2.95097239639
2015-02-19 18:00:00,7.0,2.5
2015-02-19 19:00:00,2.0,2.0
2015-02-19 20:00:00,0.0,1.38673678875
2015-02-19 21:00:00,0.0,0.887014054059
2015-02-19 22:00:00,0.0,0.388077126445
2015-02-19 23:00:00,0.0,0.0
2015-02-20 00:00:00,0.0,0.0
2015-02-20 01:00:00,0.0,0.0
2015-02-20 02:00:00,0.0,0.0
2015-02-20 03:00:00,0.0,0.10459589277
2015-02-20 04:00:00,0.0,0.387678504678
2015-02-20 05:00:00,0.0,0.741357570604
2015-02-20 06:00:00,1.0,1.17004260619
2015-02-20 07:00:00,2.0,1.70001976313
2015-02-20 08:00:00,2.0,2.34583746272
2015-02-20 09:00:00,3.0,3.01140019216
2015-02-20 10:00:00,4.0,3.57186457402
2015-02-20 11:00:00,0.0,4.11040929315
2015-02-20 12:00:00,5.0,4.64816262992
2015-02-20 13:00:00,5.0,5.03503614626
2015-02-20 14:00:00,5.0,3.92670178507
2015-02-20 15:00:00,5.0,3.06717149798
2015-02-20 16:00:00,1.0,2.23232481708
2015-02-20 17:00:00,1.0,1.11728719703
2015-02-20 18:00:00,1.0,0.757871673475
2015-02-20 19:00:00,0.0,0.473491395587
2015-02-20 20:00:00,0.0,0.243383287884
2015-02-20 21:00:00,0.0,0.0541327083189
2015-02-20 22:00:00,0.0,0.0
2015-02-20 23:00:00,0.0,0.0
2015-02-21 00:00:00,0.0,0.0
2015-02-21 01:00:00,0.0,0.0
2015-02-21 02:00:00,0.0,0.0
2015-02-21 03:00:00,0.0,0.0
2015-02-21 04:00:00,0.0,0.0
2015-02-21 05:00:00,0.0,0.0
2015-02-21 06:00:00,0.0,0.0
2015-02-21 07:00:00,0.0,0.0
2015-02-21 08:00:00,0.0,1.14482245339
2015-02-21 09:00:00,0.0,2.13128523104
2015-02-21 10:00:00,2.0,3.0
2015-02-21 11:00:00,4.0,4.0
2015-02-21 12:00:00,5.0,5.0
2015-02-21 13:00:00,7.0,6.0
2015-02-21 14:00:00,7.0,3.27559786911
2015-02-21 15:00:00,2.0,2.6
2015-02-21 16:00:00,1.0,1.5
2015-02-21 17:00:00,1.0,0.978345379875
2015-02-21 18:00:00,2.0,0.608369885142
2015-02-21 19:00:00,0.0,0.338359172365
2015-02-21 20:00:00,0.0,0.105464656493
2015-02-21 21:00:00,0.0,0.0
2015-02-21 22:00:00,0.0,0.0
2015-02-21 23:00:00,0.0,0.0
2015-02-23 00:00:00,0.0,0.0
2015-02-23 01:00:00,0.0,0.0
2015-02-23 02:00:00,0.0,0.0
2015-02-23 03:00:00,0.0,0.0
2015-02-23 04:00:00,0.0,0.0354526805603
2015-02-23 05:00:00,0.0,0.211787637506
2015-02-23 06:00:00,0.0,0.423090455677
2015-02-23 07:00:00,1.0,0.635011139901
2015-02-23 08:00:00,1.0,0.881617349269
2015-02-23 09:00:00,1.0,1.00769689534
2015-02-23 10:00:00,3.0,1.20547361749
2015-02-23 11:00:00,1.0,1.4366264207
2015-02-23 12:00:00,3.0,1.61522936498
2015-02-23 13:00:00,2.0,1.84318087177
2015-02-23 14:00:00,2.0,1.7420185167
2015-02-23 15:00:00,2.0,1.4088766217
2015-02-23 16:00:00,1.0,1.01524104528
2015-02-23 17:00:00,0.0,0.649998310514
2015-02-23 18:00:00,0.0,0.335953288683
2015-02-23 19:00:00,0.0,0.10330462477
2015-02-23 20:00:00,0.0,0.0
2015-02-23 21:00:00,0.0,0.0
2015-02-23 22:00:00,0.0,0.0
2015-02-23 23:00:00,0.0,0.0
2015-02-24 00:00:00,0.0,0.0
2015-02-24 01:00:00,0.0,0.0
2015-02-24 02:00:00,0.0,0.0
2015-02-24 03:00:00,0.0,0.0
2015-02-24 04:00:00,0.0,0.0367752466001
2015-02-24 05:00:00,0.0,0.215017949265
2015-02-24 06:00:00,0.0,0.42938745462
2015-02-24 07:00:00,1.0,0.653795307802
2015-02-24 08:00:00,1.0,0.931958326787
2015-02-24 09:00:00,1.0,1.19758162375
2015-02-24 10:00:00,2.0,1.4300446322
2015-02-24 11:00:00,0.0,1.63344221984
2015-02-24 12:00:00,2.0,1.87630464668
2015-02-24 13:00:00,2.0,2.0
2015-02-24 14:00:00,2.0,1.66220506379
2015-02-24 15:00:00,2.0,1.1702383946
2015-02-24 16:00:00,0.0,0.832303540013
2015-02-24 17:00:00,0.0,0.321433171094
2015-02-24 18:00:00,0.0,0.0
2015-02-24 19:00:00,0.0,0.0
2015-02-24 20:00:00,0.0,0.0
2015-02-24 21:00:00,0.0,0.0
2015-02-24 22:00:00,0.0,0.0
2015-02-24 23:00:00,0.0,0.0
2015-02-25 00:00:00,0.0,0.0
2015-02-25 01:00:00,0.0,0.0
2015-02-25 02:00:00,0.0,0.0
2015-02-25 03:00:00,0.0,0.0
2015-02-25 04:00:00,0.0,0.0
2015-02-25 05:00:00,0.0,0.0
2015-02-25 06:00:00,0.0,0.836028036848
2015-02-25 07:00:00,1.0,2.03530168341
2015-02-25 08:00:00,4.0,3.06519847771
2015-02-25 09:00:00,5.0,4.2128894237
2015-02-25 10:00:00,5.0,4.79402322445
2015-02-25 11:00:00,5.0,4.29878476552
2015-02-25 12:00:00,4.0,3.72896588638
2015-02-25 13:00:00,3.0,3.03704513056
2015-02-25 14:00:00,2.0,2.42691674834
2015-02-25 15:00:00,0.0,1.92135417564
2015-02-25 16:00:00,1.0,1.43615603889
2015-02-25 17:00:00,1.0,1.05346406323
2015-02-25 18:00:00,1.0,0.849240333803
2015-02-25 19:00:00,1.0,0.611346985109
2015-02-25 20:00:00,0.0,0.408635815755
2015-02-25 21:00:00,0.0,0.193960861918
2015-02-25 22:00:00,0.0,0.0288704521059
2015-02-25 23:00:00,0.0,0.0
2015-02-26 00:00:00,0.0,0.0
2015-02-26 01:00:00,0.0,0.0
2015-02-26 02:00:00,0.0,0.0
2015-02-26 03:00:00,0.0,0.0
2015-02-26 04:00:00,0.0,0.0
2015-02-26 05:00:00,0.0,0.864461415795
2015-02-26 06:00:00,0.0,1.5494935453
2015-02-26 07:00:00,1.0,2.22434625926
2015-02-26 08:00:00,3.0,3.0
2015-02-26 09:00:00,4.0,3.25
2015-02-26 10:00:00,5.0,3.5
2015-02-26 11:00:00,3.0,3.75
2015-02-26 12:00:00,4.0,4.0
2015-02-26 13:00:00,5.0,3.5
2015-02-26 14:00:00,5.0,2.95885874184
2015-02-26 15:00:00,4.0,2.41336413465
2015-02-26 16:00:00,2.0,1.92674210683
2015-02-26 17:00:00,1.0,1.26565967512
2015-02-26 18:00:00,0.0,0.813716561849
2015-02-26 19:00:00,0.0,0.427514434657
2015-02-26 20:00:00,0.0,0.0939514852912
2015-02-26 21:00:00,0.0,0.0
2015-02-26 22:00:00,0.0,0.0
2015-02-26 23:00:00,0.0,0.0
2015-02-27 00:00:00,0.0,0.0
2015-02-27 01:00:00,0.0,0.0
2015-02-27 02:00:00,0.0,0.0
2015-02-27 03:00:00,0.0,0.0
2015-02-27 04:00:00,0.0,0.367061717301
2015-02-27 05:00:00,0.0,0.870192080938
2015-02-27 06:00:00,0.0,1.37979122038
2015-02-27 07:00:00,2.0,2.0
2015-02-27 08:00:00,1.0,2.75
2015-02-27 09:00:00,5.0,3.5
2015-02-27 10:00:00,6.0,4.25
2015-02-27 11:00:00,5.0,5.0
2015-02-27 12:00:00,7.0,5.0
2015-02-27 13:00:00,6.0,5.0
2015-02-27 14:00:00,5.0,5.0
2015-02-27 15:00:00,5.0,3.75
2015-02-27 16:00:00,1.0,2.62089720118
2015-02-27 17:00:00,0.0,1.48212833773
2015-02-27 18:00:00,0.0,0.0
2015-02-27 19:00:00,0.0,0.0
2015-02-27 20:00:00,0.0,0.0
2015-02-27 21:00:00,0.0,0.0
2015-02-27 22:00:00,0.0,0.0
2015-02-27 23:00:00,0.0,0.0
2015-02-28 00:00:00,0.0,0.0
2015-02-28 01:00:00,0.0,0.0
2015-02-28 02:00:00,0.0,0.0
2015-02-28 03:00:00,0.0,0.0
2015-02-28 04:00:00,0.0,0.0
2015-02-28 05:00:00,0.0,0.0
2015-02-28 06:00:00,0.0,0.0927811241774
2015-02-28 07:00:00,0.0,0.315129219175
2015-02-28 08:00:00,0.0,0.624644450062
2015-02-28 09:00:00,1.0,0.993126992667
2015-02-28 10:00:00,3.0,1.38426699247
2015-02-28 11:00:00,2.0,1.70998206646
2015-02-28 12:00:00,2.0,1.9093980628
2015-02-28 13:00:00,3.0,2.0
2015-02-28 14:00:00,2.0,2.0
2015-02-28 15:00:00,2.0,2.18484653697
2015-02-28 16:00:00,4.0,2.43178832533
2015-02-28 17:00:00,4.0,2.69736695723
2015-02-28 18:00:00,3.0,3.0
2015-02-28 19:00:00,3.0,2.25
2015-02-28 20:00:00,0.0,1.50478956639
2015-02-28 21:00:00,0.0,0.762204318686
2015-02-28 22:00:00,0.0,0.0195197555087
2015-02-28 23:00:00,0.0,-0.723166772792
